{"result":"success","buyOrders":[{"orderId":"4725","type":"buy","amount":100,"price":0.0000052,"date":"1586878167732","pair":"ltv_btc","total":0.00052,"label":""},{"orderId":"4582","type":"buy","amount":13.19620253,"price":0.00000316,"date":"1586786126400","pair":"ltv_btc","total":0.0000417,"label":""},{"orderId":"4020","type":"buy","amount":100,"price":0.0000028,"date":"1585205790246","pair":"ltv_btc","total":0.00028,"label":""},{"orderId":"2478","type":"buy","amount":100,"price":0.0000015,"date":"1582566050448","pair":"ltv_btc","total":0.00015,"label":""},{"orderId":"0","type":"buy","amount":6005.2541254,"price":0.00000303,"date":"0","pair":"","total":0.01819592,"label":"buy"},{"orderId":"0","type":"buy","amount":385.09375,"price":0.0000016,"date":"0","pair":"","total":0.00061615,"label":"buy"},{"orderId":"4579","type":"buy","amount":84.52063492,"price":0.00000315,"date":"1586779777743","pair":"ltv_btc","total":0.00026624,"label":""},{"orderId":"0","type":"buy","amount":201.60666666,"price":0.000006,"date":"0","pair":"","total":0.00120964,"label":"buy"},{"orderId":"0","type":"buy","amount":305,"price":0.000003,"date":"0","pair":"","total":0.000915,"label":"buy"},{"orderId":"4689","type":"buy","amount":0.09,"price":0.000001,"date":"1586864075639","pair":"ltv_btc","total":9e-8,"label":""},{"orderId":"0","type":"buy","amount":1500.27158703,"price":0.00000305,"date":"0","pair":"","total":0.00457583,"label":"buy"},{"orderId":"2708","type":"buy","amount":100,"price":0.0000014,"date":"1583045449830","pair":"ltv_btc","total":0.00014,"label":""},{"orderId":"2709","type":"buy","amount":101,"price":0.0000013,"date":"1583045456741","pair":"ltv_btc","total":0.0001313,"label":""},{"orderId":"0","type":"buy","amount":973.0275,"price":0.000004,"date":"0","pair":"","total":0.0038921,"label":"buy"},{"orderId":"4846","type":"buy","amount":73,"price":0.00000408,"date":"1586914377529","pair":"ltv_btc","total":0.00029784,"label":""},{"orderId":"2710","type":"buy","amount":112,"price":0.0000012,"date":"1583045469232","pair":"ltv_btc","total":0.0001344,"label":""},{"orderId":"2775","type":"buy","amount":2374.4674515,"price":0.00000302,"date":"1583096460659","pair":"ltv_btc","total":0.00717089,"label":""},{"orderId":"4717","type":"buy","amount":1,"price":0.000005,"date":"1586874117616","pair":"ltv_btc","total":0.000005,"label":""},{"orderId":"4797","type":"buy","amount":24,"price":0.0000055,"date":"1586880724106","pair":"ltv_btc","total":0.000132,"label":""},{"orderId":"4852","type":"buy","amount":468.75,"price":0.0000032,"date":"1586926138600","pair":"ltv_btc","total":0.0015,"label":""},{"orderId":"4713","type":"buy","amount":294.04422604,"price":0.00000407,"date":"1586872443299","pair":"ltv_btc","total":0.00119676,"label":""},{"orderId":"4834","type":"buy","amount":200,"price":0.0000065,"date":"1586898534055","pair":"ltv_btc","total":0.0013,"label":""}],"sellOrders":[{"orderId":"2489","type":"sell","amount":2,"price":1,"date":"1582629903377","pair":"ltv_btc","total":2,"label":""},{"orderId":"4812","type":"sell","amount":0.9,"price":12,"date":"1586885998178","pair":"ltv_btc","total":10.8,"label":""},{"orderId":"0","type":"sell","amount":260.35180065,"price":0.0000075,"date":"0","pair":"","total":0.00195263,"label":"sell"},{"orderId":"4652","type":"sell","amount":8,"price":0.000013,"date":"1586810686954","pair":"ltv_btc","total":0.000104,"label":""},{"orderId":"0","type":"sell","amount":524,"price":0.000015,"date":"0","pair":"","total":0.00786,"label":"sell"},{"orderId":"2620","type":"sell","amount":9,"price":0.00007,"date":"1582883198074","pair":"ltv_btc","total":0.00063,"label":""},{"orderId":"4265","type":"sell","amount":96.48731435,"price":0.00000945,"date":"1585621531256","pair":"ltv_btc","total":0.00091181,"label":""},{"orderId":"0","type":"sell","amount":155.86120627,"price":0.00000772,"date":"0","pair":"","total":0.00120325,"label":"sell"},{"orderId":"2487","type":"sell","amount":5,"price":0.004,"date":"1582629869612","pair":"ltv_btc","total":0.02,"label":""},{"orderId":"0","type":"sell","amount":159,"price":0.0001,"date":"0","pair":"","total":0.0159,"label":"sell"},{"orderId":"4059","type":"sell","amount":36,"price":0.002,"date":"1585260399728","pair":"ltv_btc","total":0.072,"label":""},{"orderId":"4261","type":"sell","amount":1543.7970297,"price":0.00000949,"date":"1585621479653","pair":"ltv_btc","total":0.01465063,"label":""},{"orderId":"4333","type":"sell","amount":90.7370015,"price":0.00000938,"date":"1585695150516","pair":"ltv_btc","total":0.00085111,"label":""},{"orderId":"4411","type":"sell","amount":62.999,"price":0.00000873,"date":"1585831403536","pair":"ltv_btc","total":0.00054998,"label":""},{"orderId":"4555","type":"sell","amount":42,"price":0.0000084,"date":"1586771453859","pair":"ltv_btc","total":0.0003528,"label":""},{"orderId":"0","type":"sell","amount":850,"price":0.00000879,"date":"0","pair":"","total":0.0074715,"label":"sell"},{"orderId":"0","type":"sell","amount":3032,"price":0.00001,"date":"0","pair":"","total":0.03032,"label":"sell"},{"orderId":"2488","type":"sell","amount":5,"price":0.0004,"date":"1582629894248","pair":"ltv_btc","total":0.002,"label":""},{"orderId":"2385","type":"sell","amount":188,"price":0.0000288,"date":"1582310921712","pair":"ltv_btc","total":0.0054144,"label":""},{"orderId":"4648","type":"sell","amount":8,"price":0.000011,"date":"1586810634781","pair":"ltv_btc","total":0.000088,"label":""},{"orderId":"4534","type":"sell","amount":159.54037463,"price":0.0000078,"date":"1586611147277","pair":"ltv_btc","total":0.00124441,"label":""},{"orderId":"4654","type":"sell","amount":8,"price":0.000035,"date":"1586810765813","pair":"ltv_btc","total":0.00028,"label":""},{"orderId":"4257","type":"sell","amount":192.81448837,"price":0.0000188,"date":"1585606688439","pair":"ltv_btc","total":0.00362491,"label":""},{"orderId":"4262","type":"sell","amount":771.89851485,"price":0.00000948,"date":"1585621499273","pair":"ltv_btc","total":0.0073176,"label":""},{"orderId":"4329","type":"sell","amount":560,"price":0.00000939,"date":"1585691751195","pair":"ltv_btc","total":0.0052584,"label":""},{"orderId":"4706","type":"sell","amount":359.72908447,"price":0.00000769,"date":"1586871025839","pair":"ltv_btc","total":0.00276632,"label":""},{"orderId":"2993","type":"sell","amount":76.04031899,"price":0.0000096,"date":"1583550431632","pair":"ltv_btc","total":0.00072999,"label":""},{"orderId":"0","type":"sell","amount":1008,"price":0.000012,"date":"0","pair":"","total":0.012096,"label":"sell"},{"orderId":"0","type":"sell","amount":47.58047493,"price":0.001,"date":"0","pair":"","total":0.04758047,"label":"sell"},{"orderId":"4656","type":"sell","amount":16,"price":0.000009,"date":"1586810796545","pair":"ltv_btc","total":0.000144,"label":""},{"orderId":"4476","type":"sell","amount":900,"price":0.00000937,"date":"1586020426292","pair":"ltv_btc","total":0.008433,"label":""},{"orderId":"4263","type":"sell","amount":385.94925743,"price":0.00000947,"date":"1585621513379","pair":"ltv_btc","total":0.00365494,"label":""},{"orderId":"3936","type":"sell","amount":20,"price":0.0000097,"date":"1585083081384","pair":"ltv_btc","total":0.000194,"label":""},{"orderId":"2748","type":"sell","amount":1,"price":0.01,"date":"1583065933648","pair":"ltv_btc","total":0.01,"label":""},{"orderId":"2749","type":"sell","amount":4,"price":0.0005,"date":"1583065942609","pair":"ltv_btc","total":0.002,"label":""},{"orderId":"0","type":"sell","amount":1270.7088139,"price":0.00000888,"date":"0","pair":"","total":0.01128389,"label":"sell"},{"orderId":"4707","type":"sell","amount":359.72908446,"price":0.00000771,"date":"1586871031914","pair":"ltv_btc","total":0.00277351,"label":""},{"orderId":"4651","type":"sell","amount":8,"price":0.0000178,"date":"1586810677089","pair":"ltv_btc","total":0.0001424,"label":""},{"orderId":"3347","type":"sell","amount":36,"price":0.00006,"date":"1584364865650","pair":"ltv_btc","total":0.00216,"label":""},{"orderId":"4264","type":"sell","amount":289.46194307,"price":0.00000946,"date":"1585621525360","pair":"ltv_btc","total":0.00273831,"label":""}]}
