{"result":"success","buyOrders":[{"orderId":"4463","type":"buy","amount":30.9869281,"price":0.00000306,"date":"1585964082710","pair":"ltv_btc","total":0.00009482,"label":""},{"orderId":"0","type":"buy","amount":103,"price":0.0000028,"date":"0","pair":"","total":0.0002884,"label":"buy"},{"orderId":"2478","type":"buy","amount":100,"price":0.0000015,"date":"1582566050448","pair":"ltv_btc","total":0.00015,"label":""},{"orderId":"4260","type":"buy","amount":6003.28052805,"price":0.00000303,"date":"1585620184559","pair":"ltv_btc","total":0.01818994,"label":""},{"orderId":"2138","type":"buy","amount":120,"price":0.0000016,"date":"1582046265149","pair":"ltv_btc","total":0.000192,"label":""},{"orderId":"0","type":"buy","amount":305,"price":0.000003,"date":"0","pair":"","total":0.000915,"label":"buy"},{"orderId":"2708","type":"buy","amount":100,"price":0.0000014,"date":"1583045449830","pair":"ltv_btc","total":0.00014,"label":""},{"orderId":"2709","type":"buy","amount":100,"price":0.0000013,"date":"1583045456741","pair":"ltv_btc","total":0.00013,"label":""},{"orderId":"0","type":"buy","amount":686.55737704,"price":0.00000305,"date":"0","pair":"","total":0.002094,"label":"buy"},{"orderId":"4352","type":"buy","amount":43.12057039,"price":0.0000042,"date":"1585736952875","pair":"ltv_btc","total":0.00018111,"label":""},{"orderId":"2710","type":"buy","amount":112,"price":0.0000012,"date":"1583045469232","pair":"ltv_btc","total":0.0001344,"label":""},{"orderId":"2775","type":"buy","amount":2374.4674515,"price":0.00000302,"date":"1583096460659","pair":"ltv_btc","total":0.00717089,"label":""}],"sellOrders":[{"orderId":"2489","type":"sell","amount":2,"price":1,"date":"1582629903377","pair":"ltv_btc","total":2,"label":""},{"orderId":"4386","type":"sell","amount":1622.99864055,"price":0.00000943,"date":"1585815270983","pair":"ltv_btc","total":0.01530488,"label":""},{"orderId":"4473","type":"sell","amount":200,"price":0.000008,"date":"1586018079152","pair":"ltv_btc","total":0.0016,"label":""},{"orderId":"4365","type":"sell","amount":500,"price":0.000015,"date":"1585759490541","pair":"ltv_btc","total":0.0075,"label":""},{"orderId":"2620","type":"sell","amount":9,"price":0.00007,"date":"1582883198074","pair":"ltv_btc","total":0.00063,"label":""},{"orderId":"0","type":"sell","amount":1124.80080836,"price":0.00000772,"date":"0","pair":"","total":0.00868346,"label":"sell"},{"orderId":"4265","type":"sell","amount":96.48731435,"price":0.00000945,"date":"1585621531256","pair":"ltv_btc","total":0.00091181,"label":""},{"orderId":"2487","type":"sell","amount":5,"price":0.004,"date":"1582629869612","pair":"ltv_btc","total":0.02,"label":""},{"orderId":"4464","type":"sell","amount":401.75634283,"price":0.00000869,"date":"1585966697118","pair":"ltv_btc","total":0.00349126,"label":""},{"orderId":"4059","type":"sell","amount":36,"price":0.002,"date":"1585260399728","pair":"ltv_btc","total":0.072,"label":""},{"orderId":"4474","type":"sell","amount":300,"price":0.0000078,"date":"1586020327673","pair":"ltv_btc","total":0.00234,"label":""},{"orderId":"4261","type":"sell","amount":1543.7970297,"price":0.00000949,"date":"1585621479653","pair":"ltv_btc","total":0.01465063,"label":""},{"orderId":"4333","type":"sell","amount":90.7370015,"price":0.00000938,"date":"1585695150516","pair":"ltv_btc","total":0.00085111,"label":""},{"orderId":"4411","type":"sell","amount":62.999,"price":0.00000873,"date":"1585831403536","pair":"ltv_btc","total":0.00054998,"label":""},{"orderId":"4487","type":"sell","amount":50,"price":0.00000777,"date":"1586106412660","pair":"ltv_btc","total":0.0003885,"label":""},{"orderId":"0","type":"sell","amount":850,"price":0.00000879,"date":"0","pair":"","total":0.0074715,"label":"sell"},{"orderId":"2488","type":"sell","amount":5,"price":0.0004,"date":"1582629894248","pair":"ltv_btc","total":0.002,"label":""},{"orderId":"2385","type":"sell","amount":188,"price":0.0000288,"date":"1582310921712","pair":"ltv_btc","total":0.0054144,"label":""},{"orderId":"4395","type":"sell","amount":196.48731435,"price":0.00000874,"date":"1585816317483","pair":"ltv_btc","total":0.0017173,"label":""},{"orderId":"4257","type":"sell","amount":192.81448837,"price":0.0000188,"date":"1585606688439","pair":"ltv_btc","total":0.00362491,"label":""},{"orderId":"4262","type":"sell","amount":771.89851485,"price":0.00000948,"date":"1585621499273","pair":"ltv_btc","total":0.0073176,"label":""},{"orderId":"4329","type":"sell","amount":560,"price":0.00000939,"date":"1585691751195","pair":"ltv_btc","total":0.0052584,"label":""},{"orderId":"2993","type":"sell","amount":76.04031899,"price":0.0000096,"date":"1583550431632","pair":"ltv_btc","total":0.00072999,"label":""},{"orderId":"4237","type":"sell","amount":283.48849773,"price":0.0000095,"date":"1585596834330","pair":"ltv_btc","total":0.00269314,"label":""},{"orderId":"0","type":"sell","amount":47.58047493,"price":0.001,"date":"0","pair":"","total":0.04758047,"label":"sell"},{"orderId":"4476","type":"sell","amount":900,"price":0.00000937,"date":"1586020426292","pair":"ltv_btc","total":0.008433,"label":""},{"orderId":"4263","type":"sell","amount":385.94925743,"price":0.00000947,"date":"1585621513379","pair":"ltv_btc","total":0.00365494,"label":""},{"orderId":"3936","type":"sell","amount":20,"price":0.0000097,"date":"1585083081384","pair":"ltv_btc","total":0.000194,"label":""},{"orderId":"0","type":"sell","amount":181,"price":0.0001,"date":"0","pair":"","total":0.0181,"label":"sell"},{"orderId":"2748","type":"sell","amount":1,"price":0.01,"date":"1583065933648","pair":"ltv_btc","total":0.01,"label":""},{"orderId":"2749","type":"sell","amount":4,"price":0.0005,"date":"1583065942609","pair":"ltv_btc","total":0.002,"label":""},{"orderId":"4353","type":"sell","amount":1120.7088139,"price":0.00000888,"date":"1585739153420","pair":"ltv_btc","total":0.00995189,"label":""},{"orderId":"4363","type":"sell","amount":2900,"price":0.00001,"date":"1585759441491","pair":"ltv_btc","total":0.029,"label":""},{"orderId":"3347","type":"sell","amount":36,"price":0.00006,"date":"1584364865650","pair":"ltv_btc","total":0.00216,"label":""},{"orderId":"4264","type":"sell","amount":289.46194307,"price":0.00000946,"date":"1585621525360","pair":"ltv_btc","total":0.00273831,"label":""},{"orderId":"4364","type":"sell","amount":1000,"price":0.000012,"date":"1585759470315","pair":"ltv_btc","total":0.012,"label":""},{"orderId":"4376","type":"sell","amount":153.45213849,"price":0.0000099,"date":"1585786731317","pair":"ltv_btc","total":0.00151918,"label":""}]}
