{"result":"success","buyOrders":[{"orderId":"0","type":"buy","amount":103,"price":0.0000028,"date":"0","pair":"","total":0.0002884,"label":"buy"},{"orderId":"2478","type":"buy","amount":100,"price":0.0000015,"date":"1582566050448","pair":"ltv_btc","total":0.00015,"label":""},{"orderId":"4260","type":"buy","amount":6003.28052805,"price":0.00000303,"date":"1585620184559","pair":"ltv_btc","total":0.01818994,"label":""},{"orderId":"2138","type":"buy","amount":120,"price":0.0000016,"date":"1582046265149","pair":"ltv_btc","total":0.000192,"label":""},{"orderId":"0","type":"buy","amount":305,"price":0.000003,"date":"0","pair":"","total":0.000915,"label":"buy"},{"orderId":"2708","type":"buy","amount":100,"price":0.0000014,"date":"1583045449830","pair":"ltv_btc","total":0.00014,"label":""},{"orderId":"2709","type":"buy","amount":100,"price":0.0000013,"date":"1583045456741","pair":"ltv_btc","total":0.00013,"label":""},{"orderId":"0","type":"buy","amount":676.1699477,"price":0.00000305,"date":"0","pair":"","total":0.00206232,"label":"buy"},{"orderId":"2710","type":"buy","amount":112,"price":0.0000012,"date":"1583045469232","pair":"ltv_btc","total":0.0001344,"label":""},{"orderId":"2775","type":"buy","amount":2374.4674515,"price":0.00000302,"date":"1583096460659","pair":"ltv_btc","total":0.00717089,"label":""}],"sellOrders":[{"orderId":"2489","type":"sell","amount":2,"price":1,"date":"1582629903377","pair":"ltv_btc","total":2,"label":""},{"orderId":"4386","type":"sell","amount":1622.99864055,"price":0.00000943,"date":"1585815270983","pair":"ltv_btc","total":0.01530488,"label":""},{"orderId":"0","type":"sell","amount":113.071788,"price":0.00000599,"date":"0","pair":"","total":0.0006773,"label":"sell"},{"orderId":"4492","type":"sell","amount":614.47684233,"price":0.00000772,"date":"1586162575283","pair":"ltv_btc","total":0.00474376,"label":""},{"orderId":"4538","type":"sell","amount":2.64,"price":0.0000059,"date":"1586627226665","pair":"ltv_btc","total":0.00001557,"label":""},{"orderId":"4365","type":"sell","amount":500,"price":0.000015,"date":"1585759490541","pair":"ltv_btc","total":0.0075,"label":""},{"orderId":"2620","type":"sell","amount":9,"price":0.00007,"date":"1582883198074","pair":"ltv_btc","total":0.00063,"label":""},{"orderId":"4265","type":"sell","amount":96.48731435,"price":0.00000945,"date":"1585621531256","pair":"ltv_btc","total":0.00091181,"label":""},{"orderId":"2487","type":"sell","amount":5,"price":0.004,"date":"1582629869612","pair":"ltv_btc","total":0.02,"label":""},{"orderId":"4059","type":"sell","amount":36,"price":0.002,"date":"1585260399728","pair":"ltv_btc","total":0.072,"label":""},{"orderId":"0","type":"sell","amount":513.071788,"price":0.000006,"date":"0","pair":"","total":0.00307843,"label":"sell"},{"orderId":"4503","type":"sell","amount":932.87706392,"price":0.00000771,"date":"1586312865234","pair":"ltv_btc","total":0.00719248,"label":""},{"orderId":"4464","type":"sell","amount":641.06690478,"price":0.00000869,"date":"1585966697118","pair":"ltv_btc","total":0.00557087,"label":""},{"orderId":"0","type":"sell","amount":459.54037463,"price":0.0000078,"date":"0","pair":"","total":0.00358441,"label":"sell"},{"orderId":"4261","type":"sell","amount":1543.7970297,"price":0.00000949,"date":"1585621479653","pair":"ltv_btc","total":0.01465063,"label":""},{"orderId":"4333","type":"sell","amount":90.7370015,"price":0.00000938,"date":"1585695150516","pair":"ltv_btc","total":0.00085111,"label":""},{"orderId":"4411","type":"sell","amount":62.999,"price":0.00000873,"date":"1585831403536","pair":"ltv_btc","total":0.00054998,"label":""},{"orderId":"0","type":"sell","amount":850,"price":0.00000879,"date":"0","pair":"","total":0.0074715,"label":"sell"},{"orderId":"2488","type":"sell","amount":5,"price":0.0004,"date":"1582629894248","pair":"ltv_btc","total":0.002,"label":""},{"orderId":"2385","type":"sell","amount":188,"price":0.0000288,"date":"1582310921712","pair":"ltv_btc","total":0.0054144,"label":""},{"orderId":"4257","type":"sell","amount":192.81448837,"price":0.0000188,"date":"1585606688439","pair":"ltv_btc","total":0.00362491,"label":""},{"orderId":"4262","type":"sell","amount":771.89851485,"price":0.00000948,"date":"1585621499273","pair":"ltv_btc","total":0.0073176,"label":""},{"orderId":"4329","type":"sell","amount":560,"price":0.00000939,"date":"1585691751195","pair":"ltv_btc","total":0.0052584,"label":""},{"orderId":"2993","type":"sell","amount":76.04031899,"price":0.0000096,"date":"1583550431632","pair":"ltv_btc","total":0.00072999,"label":""},{"orderId":"4237","type":"sell","amount":283.48849773,"price":0.0000095,"date":"1585596834330","pair":"ltv_btc","total":0.00269314,"label":""},{"orderId":"0","type":"sell","amount":47.58047493,"price":0.001,"date":"0","pair":"","total":0.04758047,"label":"sell"},{"orderId":"0","type":"sell","amount":1360.01937585,"price":0.00000888,"date":"0","pair":"","total":0.01207697,"label":"sell"},{"orderId":"4476","type":"sell","amount":900,"price":0.00000937,"date":"1586020426292","pair":"ltv_btc","total":0.008433,"label":""},{"orderId":"4263","type":"sell","amount":385.94925743,"price":0.00000947,"date":"1585621513379","pair":"ltv_btc","total":0.00365494,"label":""},{"orderId":"3936","type":"sell","amount":20,"price":0.0000097,"date":"1585083081384","pair":"ltv_btc","total":0.000194,"label":""},{"orderId":"0","type":"sell","amount":151,"price":0.0001,"date":"0","pair":"","total":0.0151,"label":"sell"},{"orderId":"2748","type":"sell","amount":1,"price":0.01,"date":"1583065933648","pair":"ltv_btc","total":0.01,"label":""},{"orderId":"2749","type":"sell","amount":4,"price":0.0005,"date":"1583065942609","pair":"ltv_btc","total":0.002,"label":""},{"orderId":"4363","type":"sell","amount":2900,"price":0.00001,"date":"1585759441491","pair":"ltv_btc","total":0.029,"label":""},{"orderId":"4529","type":"sell","amount":5.00399999,"price":0.00009,"date":"1586563057723","pair":"ltv_btc","total":0.00045035,"label":""},{"orderId":"3347","type":"sell","amount":36,"price":0.00006,"date":"1584364865650","pair":"ltv_btc","total":0.00216,"label":""},{"orderId":"4264","type":"sell","amount":289.46194307,"price":0.00000946,"date":"1585621525360","pair":"ltv_btc","total":0.00273831,"label":""},{"orderId":"4364","type":"sell","amount":1000,"price":0.000012,"date":"1585759470315","pair":"ltv_btc","total":0.012,"label":""},{"orderId":"4376","type":"sell","amount":153.45213849,"price":0.0000099,"date":"1585786731317","pair":"ltv_btc","total":0.00151918,"label":""}]}
