{"result":"success","buyOrders":[{"orderId":"4955","type":"buy","amount":165,"price":0.0000016,"date":"1587051449089","pair":"ltv_btc","total":0.000264,"label":"","myOrder":false},{"orderId":"4689","type":"buy","amount":0.09,"price":0.000001,"date":"1586864075639","pair":"ltv_btc","total":9e-8,"label":"","myOrder":false},{"orderId":"2709","type":"buy","amount":101,"price":0.0000013,"date":"1583045456741","pair":"ltv_btc","total":0.0001313,"label":"","myOrder":false},{"orderId":"2710","type":"buy","amount":112,"price":0.0000012,"date":"1583045469232","pair":"ltv_btc","total":0.0001344,"label":"","myOrder":false}],"sellOrders":[{"orderId":"2489","type":"sell","amount":2,"price":1,"date":"1582629903377","pair":"ltv_btc","total":2,"label":"","myOrder":false},{"orderId":"4812","type":"sell","amount":0.9,"price":12,"date":"1586885998178","pair":"ltv_btc","total":10.8,"label":"","myOrder":false},{"orderId":"4652","type":"sell","amount":8,"price":0.000013,"date":"1586810686954","pair":"ltv_btc","total":0.000104,"label":"","myOrder":false},{"orderId":"4650","type":"sell","amount":524,"price":0.000015,"date":"0","pair":"ltv_btc","total":0.00786,"label":"sell","myOrder":false},{"orderId":"2620","type":"sell","amount":9,"price":0.00007,"date":"1582883198074","pair":"ltv_btc","total":0.00063,"label":"","myOrder":false},{"orderId":"4492","type":"sell","amount":5.86120627,"price":0.00000772,"date":"1586162575283","pair":"ltv_btc","total":0.00004525,"label":"","myOrder":false},{"orderId":"2487","type":"sell","amount":5,"price":0.004,"date":"1582629869612","pair":"ltv_btc","total":0.02,"label":"","myOrder":false},{"orderId":"2994","type":"sell","amount":159,"price":0.0001,"date":"0","pair":"ltv_btc","total":0.0159,"label":"sell","myOrder":false},{"orderId":"4059","type":"sell","amount":36,"price":0.002,"date":"1585260399728","pair":"ltv_btc","total":0.072,"label":"","myOrder":false},{"orderId":"4849","type":"sell","amount":124.45796957,"price":0.0000075,"date":"0","pair":"ltv_btc","total":0.00093343,"label":"sell","myOrder":false},{"orderId":"4333","type":"sell","amount":90.7370015,"price":0.00000938,"date":"1585695150516","pair":"ltv_btc","total":0.00085111,"label":"","myOrder":false},{"orderId":"4880","type":"sell","amount":255.81348837,"price":0.00000873,"date":"0","pair":"ltv_btc","total":0.00223325,"label":"sell","myOrder":false},{"orderId":"4477","type":"sell","amount":850,"price":0.00000879,"date":"0","pair":"ltv_btc","total":0.0074715,"label":"sell","myOrder":false},{"orderId":"4363","type":"sell","amount":2932,"price":0.00001,"date":"0","pair":"ltv_btc","total":0.02932,"label":"sell","myOrder":false},{"orderId":"2488","type":"sell","amount":5,"price":0.0004,"date":"1582629894248","pair":"ltv_btc","total":0.002,"label":"","myOrder":false},{"orderId":"2385","type":"sell","amount":188,"price":0.0000288,"date":"1582310921712","pair":"ltv_btc","total":0.0054144,"label":"","myOrder":false},{"orderId":"4648","type":"sell","amount":8,"price":0.000011,"date":"1586810634781","pair":"ltv_btc","total":0.000088,"label":"","myOrder":false},{"orderId":"4654","type":"sell","amount":8,"price":0.000035,"date":"1586810765813","pair":"ltv_btc","total":0.00028,"label":"","myOrder":false},{"orderId":"4930","type":"sell","amount":259.53721002,"price":0.00000749,"date":"1587038291373","pair":"ltv_btc","total":0.00194393,"label":"","myOrder":false},{"orderId":"4706","type":"sell","amount":359.72908447,"price":0.00000769,"date":"1586871025839","pair":"ltv_btc","total":0.00276632,"label":"","myOrder":false},{"orderId":"4888","type":"sell","amount":80.94939998,"price":0.0000105,"date":"1586949906742","pair":"ltv_btc","total":0.00084997,"label":"","myOrder":false},{"orderId":"4364","type":"sell","amount":1008,"price":0.000012,"date":"0","pair":"ltv_btc","total":0.012096,"label":"sell","myOrder":false},{"orderId":"2669","type":"sell","amount":47.58047493,"price":0.001,"date":"0","pair":"ltv_btc","total":0.04758047,"label":"sell","myOrder":false},{"orderId":"4656","type":"sell","amount":16,"price":0.000009,"date":"1586810796545","pair":"ltv_btc","total":0.000144,"label":"","myOrder":false},{"orderId":"4476","type":"sell","amount":900,"price":0.00000937,"date":"1586020426292","pair":"ltv_btc","total":0.008433,"label":"","myOrder":false},{"orderId":"3936","type":"sell","amount":20,"price":0.0000097,"date":"1585083081384","pair":"ltv_btc","total":0.000194,"label":"","myOrder":false},{"orderId":"2748","type":"sell","amount":1,"price":0.01,"date":"1583065933648","pair":"ltv_btc","total":0.01,"label":"","myOrder":false},{"orderId":"2749","type":"sell","amount":4,"price":0.0005,"date":"1583065942609","pair":"ltv_btc","total":0.002,"label":"","myOrder":false},{"orderId":"4353","type":"sell","amount":1120.7088139,"price":0.00000888,"date":"1585739153420","pair":"ltv_btc","total":0.00995189,"label":"","myOrder":false},{"orderId":"4707","type":"sell","amount":359.72908446,"price":0.00000771,"date":"1586871031914","pair":"ltv_btc","total":0.00277351,"label":"","myOrder":false},{"orderId":"4953","type":"sell","amount":7.22330094,"price":0.00000748,"date":"1587050697534","pair":"ltv_btc","total":0.00005403,"label":"","myOrder":false},{"orderId":"4651","type":"sell","amount":8,"price":0.0000178,"date":"1586810677089","pair":"ltv_btc","total":0.0001424,"label":"","myOrder":false},{"orderId":"3347","type":"sell","amount":36,"price":0.00006,"date":"1584364865650","pair":"ltv_btc","total":0.00216,"label":"","myOrder":false}]}
