{"result":"success","buyOrders":[{"orderId":"4582","type":"buy","amount":13.19620253,"price":0.00000316,"date":"1586786126400","pair":"ltv_btc","total":0.0000417,"label":"","myOrder":false},{"orderId":"4020","type":"buy","amount":100,"price":0.0000028,"date":"1585205790246","pair":"ltv_btc","total":0.00028,"label":"","myOrder":false},{"orderId":"2478","type":"buy","amount":100,"price":0.0000015,"date":"1582566050448","pair":"ltv_btc","total":0.00015,"label":"","myOrder":false},{"orderId":"4807","type":"buy","amount":6005.2541254,"price":0.00000303,"date":"0","pair":"ltv_btc","total":0.01819592,"label":"buy","myOrder":false},{"orderId":"2138","type":"buy","amount":120,"price":0.0000016,"date":"1582046265149","pair":"ltv_btc","total":0.000192,"label":"","myOrder":false},{"orderId":"4579","type":"buy","amount":84.52063492,"price":0.00000315,"date":"1586779777743","pair":"ltv_btc","total":0.00026624,"label":"","myOrder":false},{"orderId":"4725","type":"buy","amount":48.77478532,"price":0.0000052,"date":"1586878167732","pair":"ltv_btc","total":0.00025363,"label":"","myOrder":false},{"orderId":"4914","type":"buy","amount":190.72878228,"price":0.00000542,"date":"0","pair":"ltv_btc","total":0.00103375,"label":"buy","myOrder":false},{"orderId":"2804","type":"buy","amount":305,"price":0.000003,"date":"0","pair":"ltv_btc","total":0.000915,"label":"buy","myOrder":false},{"orderId":"4689","type":"buy","amount":0.09,"price":0.000001,"date":"1586864075639","pair":"ltv_btc","total":9e-8,"label":"","myOrder":false},{"orderId":"4910","type":"buy","amount":302.68207023,"price":0.00000541,"date":"0","pair":"ltv_btc","total":0.00163751,"label":"buy","myOrder":false},{"orderId":"4924","type":"buy","amount":203.18181818,"price":0.0000055,"date":"1587020677256","pair":"ltv_btc","total":0.0011175,"label":"","myOrder":false},{"orderId":"4331","type":"buy","amount":1500.27158703,"price":0.00000305,"date":"0","pair":"ltv_btc","total":0.00457583,"label":"buy","myOrder":false},{"orderId":"2708","type":"buy","amount":100,"price":0.0000014,"date":"1583045449830","pair":"ltv_btc","total":0.00014,"label":"","myOrder":false},{"orderId":"2709","type":"buy","amount":101,"price":0.0000013,"date":"1583045456741","pair":"ltv_btc","total":0.0001313,"label":"","myOrder":false},{"orderId":"2710","type":"buy","amount":112,"price":0.0000012,"date":"1583045469232","pair":"ltv_btc","total":0.0001344,"label":"","myOrder":false},{"orderId":"2775","type":"buy","amount":2374.4674515,"price":0.00000302,"date":"1583096460659","pair":"ltv_btc","total":0.00717089,"label":"","myOrder":false},{"orderId":"4717","type":"buy","amount":1,"price":0.000005,"date":"1586874117616","pair":"ltv_btc","total":0.000005,"label":"","myOrder":false},{"orderId":"4920","type":"buy","amount":97,"price":0.00000306,"date":"1587012514530","pair":"ltv_btc","total":0.00029682,"label":"","myOrder":false},{"orderId":"4926","type":"buy","amount":1069.2775,"price":0.000004,"date":"0","pair":"ltv_btc","total":0.00427711,"label":"buy","myOrder":false},{"orderId":"4852","type":"buy","amount":468.75,"price":0.0000032,"date":"1586926138600","pair":"ltv_btc","total":0.0015,"label":"","myOrder":false}],"sellOrders":[{"orderId":"2489","type":"sell","amount":2,"price":1,"date":"1582629903377","pair":"ltv_btc","total":2,"label":"","myOrder":false},{"orderId":"4903","type":"sell","amount":312.61654135,"price":5,"date":"1586967560115","pair":"ltv_btc","total":1563.08270675,"label":"","myOrder":false},{"orderId":"4812","type":"sell","amount":0.9,"price":12,"date":"1586885998178","pair":"ltv_btc","total":10.8,"label":"","myOrder":false},{"orderId":"4652","type":"sell","amount":8,"price":0.000013,"date":"1586810686954","pair":"ltv_btc","total":0.000104,"label":"","myOrder":false},{"orderId":"4650","type":"sell","amount":524,"price":0.000015,"date":"0","pair":"ltv_btc","total":0.00786,"label":"sell","myOrder":false},{"orderId":"2620","type":"sell","amount":9,"price":0.00007,"date":"1582883198074","pair":"ltv_btc","total":0.00063,"label":"","myOrder":false},{"orderId":"4265","type":"sell","amount":96.48731435,"price":0.00000945,"date":"1585621531256","pair":"ltv_btc","total":0.00091181,"label":"","myOrder":false},{"orderId":"4492","type":"sell","amount":5.86120627,"price":0.00000772,"date":"1586162575283","pair":"ltv_btc","total":0.00004525,"label":"","myOrder":false},{"orderId":"2487","type":"sell","amount":5,"price":0.004,"date":"1582629869612","pair":"ltv_btc","total":0.02,"label":"","myOrder":false},{"orderId":"2994","type":"sell","amount":159,"price":0.0001,"date":"0","pair":"ltv_btc","total":0.0159,"label":"sell","myOrder":false},{"orderId":"4059","type":"sell","amount":36,"price":0.002,"date":"1585260399728","pair":"ltv_btc","total":0.072,"label":"","myOrder":false},{"orderId":"4849","type":"sell","amount":124.45796957,"price":0.0000075,"date":"0","pair":"ltv_btc","total":0.00093343,"label":"sell","myOrder":false},{"orderId":"4261","type":"sell","amount":1543.7970297,"price":0.00000949,"date":"1585621479653","pair":"ltv_btc","total":0.01465063,"label":"","myOrder":false},{"orderId":"4333","type":"sell","amount":90.7370015,"price":0.00000938,"date":"1585695150516","pair":"ltv_btc","total":0.00085111,"label":"","myOrder":false},{"orderId":"4880","type":"sell","amount":255.81348837,"price":0.00000873,"date":"0","pair":"ltv_btc","total":0.00223325,"label":"sell","myOrder":false},{"orderId":"4477","type":"sell","amount":850,"price":0.00000879,"date":"0","pair":"ltv_btc","total":0.0074715,"label":"sell","myOrder":false},{"orderId":"4363","type":"sell","amount":2932,"price":0.00001,"date":"0","pair":"ltv_btc","total":0.02932,"label":"sell","myOrder":false},{"orderId":"2488","type":"sell","amount":5,"price":0.0004,"date":"1582629894248","pair":"ltv_btc","total":0.002,"label":"","myOrder":false},{"orderId":"2385","type":"sell","amount":188,"price":0.0000288,"date":"1582310921712","pair":"ltv_btc","total":0.0054144,"label":"","myOrder":false},{"orderId":"4648","type":"sell","amount":8,"price":0.000011,"date":"1586810634781","pair":"ltv_btc","total":0.000088,"label":"","myOrder":false},{"orderId":"4654","type":"sell","amount":8,"price":0.000035,"date":"1586810765813","pair":"ltv_btc","total":0.00028,"label":"","myOrder":false},{"orderId":"4930","type":"sell","amount":259.53721002,"price":0.00000749,"date":"1587038291373","pair":"ltv_btc","total":0.00194393,"label":"","myOrder":false},{"orderId":"4262","type":"sell","amount":771.89851485,"price":0.00000948,"date":"1585621499273","pair":"ltv_btc","total":0.0073176,"label":"","myOrder":false},{"orderId":"4706","type":"sell","amount":359.72908447,"price":0.00000769,"date":"1586871025839","pair":"ltv_btc","total":0.00276632,"label":"","myOrder":false},{"orderId":"4888","type":"sell","amount":80.94939998,"price":0.0000105,"date":"1586949906742","pair":"ltv_btc","total":0.00084997,"label":"","myOrder":false},{"orderId":"2993","type":"sell","amount":76.04031899,"price":0.0000096,"date":"1583550431632","pair":"ltv_btc","total":0.00072999,"label":"","myOrder":false},{"orderId":"4364","type":"sell","amount":1008,"price":0.000012,"date":"0","pair":"ltv_btc","total":0.012096,"label":"sell","myOrder":false},{"orderId":"2669","type":"sell","amount":47.58047493,"price":0.001,"date":"0","pair":"ltv_btc","total":0.04758047,"label":"sell","myOrder":false},{"orderId":"4656","type":"sell","amount":16,"price":0.000009,"date":"1586810796545","pair":"ltv_btc","total":0.000144,"label":"","myOrder":false},{"orderId":"4476","type":"sell","amount":900,"price":0.00000937,"date":"1586020426292","pair":"ltv_btc","total":0.008433,"label":"","myOrder":false},{"orderId":"4263","type":"sell","amount":385.94925743,"price":0.00000947,"date":"1585621513379","pair":"ltv_btc","total":0.00365494,"label":"","myOrder":false},{"orderId":"3936","type":"sell","amount":20,"price":0.0000097,"date":"1585083081384","pair":"ltv_btc","total":0.000194,"label":"","myOrder":false},{"orderId":"2748","type":"sell","amount":1,"price":0.01,"date":"1583065933648","pair":"ltv_btc","total":0.01,"label":"","myOrder":false},{"orderId":"2749","type":"sell","amount":4,"price":0.0005,"date":"1583065942609","pair":"ltv_btc","total":0.002,"label":"","myOrder":false},{"orderId":"4353","type":"sell","amount":1120.7088139,"price":0.00000888,"date":"1585739153420","pair":"ltv_btc","total":0.00995189,"label":"","myOrder":false},{"orderId":"4707","type":"sell","amount":359.72908446,"price":0.00000771,"date":"1586871031914","pair":"ltv_btc","total":0.00277351,"label":"","myOrder":false},{"orderId":"4651","type":"sell","amount":8,"price":0.0000178,"date":"1586810677089","pair":"ltv_btc","total":0.0001424,"label":"","myOrder":false},{"orderId":"3347","type":"sell","amount":36,"price":0.00006,"date":"1584364865650","pair":"ltv_btc","total":0.00216,"label":"","myOrder":false},{"orderId":"4264","type":"sell","amount":289.46194307,"price":0.00000946,"date":"1585621525360","pair":"ltv_btc","total":0.00273831,"label":"","myOrder":false}]}
